--
-- PostgreSQL database dump
--

-- Dumped from database version 17.4 (Postgres.app)
-- Dumped by pg_dump version 17.4 (Postgres.app)

SET statement_timeout = 0;
SET lock_timeout = 0;
SET idle_in_transaction_session_timeout = 0;
SET transaction_timeout = 0;
SET client_encoding = 'UTF8';
SET standard_conforming_strings = on;
SELECT pg_catalog.set_config('search_path', '', false);
SET check_function_bodies = false;
SET xmloption = content;
SET client_min_messages = warning;
SET row_security = off;

--
-- Data for Name: food_categories; Type: TABLE DATA; Schema: public; Owner: postgres
--

COPY public.food_categories (id, name) FROM stdin;
1	ปราศจากกลูเตน
2	ไม่มีอาหารทะเล
3	ไม่ใส่ถั่ว
6	ไม่ใส่ไข่
7	ควบคุมน้ำหนัก
8	มังสวิรัติ
10	วีแกน
5	คีโตแบบแพ้อาหารทะเล
9	ไม่มีผลิตภัณฑ์นมวัว
4	คีโต
\.


--
-- Data for Name: foods_items; Type: TABLE DATA; Schema: public; Owner: postgres
--

COPY public.foods_items (name, calories, protein, carbohydrate, fiber, saturated_fat, unsaturated_fat, total_fat, sugar, sodium, calories_unit, protein_unit, carbohydrate_unit, fiber_unit, saturated_fat_unit, unsaturated_fat_unit, total_fat_unit, sugar_unit, sodium_unit, id, unit_serving_size, serving_size) FROM stdin;
นมถั่วเหลือง	80	7.00	10.00	1.00	0.50	2.00	2.00	6.00	80.00	kcal	g	g	g	g	g	g	mg	g	185	g	250
เต้าหู้ทอด	120	8.00	4.00	1.00	1.50	3.00	4.00	1.00	250.00	kcal	g	g	g	g	g	g	mg	g	186	g	80
น้ำเต้าหู้ธัญพืช	100	7.00	12.00	1.50	0.50	2.00	2.00	8.00	90.00	kcal	g	g	g	g	g	g	mg	g	187	ml	250
ข้าวคลุกงา	220	7.00	40.00	3.00	1.00	2.00	3.00	1.00	300.00	kcal	g	g	g	g	g	g	mg	g	188	g	150
ผัดผักรวมเจ	90	2.00	8.00	2.00	0.50	1.50	2.00	2.00	250.00	kcal	g	g	g	g	g	g	mg	g	189	g	150
เต้าหู้ขาว	85	8.00	2.00	1.00	0.50	1.50	2.00	10.00	0.50	kcal	g	g	g	g	g	g	mg	g	190	g	100
ฟักทองนึ่ง	45	1.00	9.00	1.00	0.50	1.50	2.00	10.00	0.50	kcal	g	g	g	g	g	g	mg	g	193	g	100
กล้วยหอม	105	1.00	23.00	1.00	0.50	1.50	2.00	10.00	0.50	kcal	g	g	g	g	g	g	mg	g	194	g	120
มะละกอสุก	50	0.50	10.00	1.00	0.50	1.50	2.00	10.00	0.50	kcal	g	g	g	g	g	g	mg	g	195	g	100
ผัดผักเจ	90	2.00	6.00	1.00	0.50	1.50	2.00	10.00	0.50	kcal	g	g	g	g	g	g	mg	g	196	g	150
ข้าวกล้อง+งา	220	5.00	38.00	1.00	0.50	1.50	2.00	10.00	0.50	kcal	g	g	g	g	g	g	mg	g	197	g	150
ถั่วแดงต้ม	110	7.00	2.00	1.00	0.50	1.50	2.00	10.00	0.50	kcal	g	g	g	g	g	g	mg	g	198	g	100
ผลไม้สด	60	1.00	2.00	1.00	0.50	1.50	2.00	10.00	0.50	kcal	g	g	g	g	g	g	mg	g	200	g	150
ขนมปังข้าวกล้องไม่ใส่นม/ไข่	180	4.00	2.00	1.00	0.50	1.50	2.00	10.00	0.50	kcal	g	g	g	g	g	g	mg	g	201	g	60
สาหร่ายอบเจ	25	5.00	2.00	1.00	0.50	1.50	2.00	10.00	0.50	kcal	g	g	g	g	g	g	mg	g	202	g	10
น้ำอัญชัน	20	0.00	0.00	1.00	0.50	1.50	2.00	10.00	0.50	kcal	g	g	g	g	g	g	mg	g	203	ml	200
น้ำฟักทอง	45	1.00	2.00	1.00	0.50	1.50	2.00	10.00	0.50	kcal	g	g	g	g	g	g	mg	g	204	ml	200
อกไก่นุ่ม CP	110	22.00	1.00	0.00	1.00	2.00	3.00	0.00	400.00	kcal	g	g	g	g	g	g	mg	g	205	g	100
อกไก่ย่าง	165	24.00	0.00	0.00	1.00	2.00	3.00	0.00	350.00	kcal	g	g	g	g	g	g	mg	g	206	g	100
ไข่ต้ม	75	6.30	0.60	0.00	1.60	2.40	4.00	0.60	62.00	kcal	g	g	g	g	g	g	mg	g	207	g	60
เต้าหู้ขาว	85	8.00	2.00	1.00	0.50	1.50	2.00	0.50	10.00	kcal	g	g	g	g	g	g	mg	g	208	g	100
เต้าหู้หลอด	90	6.00	2.00	1.00	0.50	1.00	2.00	1.00	200.00	kcal	g	g	g	g	g	g	mg	g	209	g	120
ข้าวกล้องหุงสุก	110	2.50	30.00	1.80	0.20	0.30	0.00	0.50	5.00	kcal	g	g	g	g	g	g	mg	g	210	g	150
ข้าวคลุกงา	220	7.00	40.00	3.00	1.00	2.00	3.00	1.00	300.00	kcal	g	g	g	g	g	g	mg	g	211	g	150
ผัดผักรวมเจ	90	2.00	8.00	2.00	0.50	1.50	2.00	2.00	250.00	kcal	g	g	g	g	g	g	mg	g	212	g	150
น้ำเต้าหู้	80	7.00	10.00	1.00	0.50	2.00	2.00	6.00	80.00	kcal	g	g	g	g	g	g	mg	g	213	ml	250
นมอัลมอนด์	50	1.00	2.00	1.00	0.00	2.50	2.00	0.00	5.00	kcal	g	g	g	g	g	g	mg	g	214	ml	250
กล้วยน้ำว้า	90	1.00	23.00	2.80	0.10	0.20	0.00	12.00	1.00	kcal	g	g	g	g	g	g	mg	g	215	ml	100
ฟักทองนึ่ง	45	1.00	9.00	1.00	0.00	0.50	0.00	2.00	1.00	kcal	g	g	g	g	g	g	mg	g	216	g	100
แครอทอบ	30	1.00	11.00	3.00	0.10	0.20	0.00	5.00	30.00	kcal	g	g	g	g	g	g	mg	g	217	g	100
ไข่ตุ๋น	80	7.00	2.00	0.00	1.50	2.00	4.00	1.00	300.00	kcal	g	g	g	g	g	g	mg	g	218	g	120
ผลไม้รวมแพ็ค	60	1.00	17.00	2.20	0.00	0.10	0.00	14.00	1.00	kcal	g	g	g	g	g	g	mg	g	219	g	150
สาหร่ายอบ	25	5.00	5.00	1.50	0.00	1.50	2.00	1.00	200.00	kcal	g	g	g	g	g	g	mg	g	220	g	10
ข้าวโพดต้ม	90	3.00	18.00	2.50	0.30	0.70	1.00	5.00	200.00	kcal	g	g	g	g	g	g	mg	g	221	g	150
น้ำมะพร้าว 100%	60	0.50	10.00	0.20	0.00	0.00	0.00	10.00	60.00	kcal	g	g	g	g	g	g	mg	g	222	ml	250
เมล็ดฟักทองอบ	160	7.00	5.00	1.10	1.20	4.00	5.00	1.00	100.00	kcal	g	g	g	g	g	g	mg	g	223	g	30
น้ำอัญชัน	20	0.00	6.00	0.00	0.00	0.00	0.00	6.00	1.00	kcal	g	g	g	g	g	g	mg	g	224	ml	200
เต้าหู้ขาว	85	8.00	2.00	1.00	0.50	1.50	2.00	0.50	10.00	kcal	g	g	g	g	g	g	mg	g	225	g	100
น้ำเต้าหู้	80	7.00	10.00	1.00	0.50	2.00	2.00	6.00	80.00	kcal	g	g	g	g	g	g	mg	g	226	ml	250
นมอัลมอนด์	50	1.00	2.00	1.00	0.00	2.50	2.00	0.00	5.00	kcal	g	g	g	g	g	g	mg	g	227	ml	250
ฟักทองนึ่ง	45	1.00	9.00	1.00	0.00	0.50	0.00	2.00	1.00	kcal	g	g	g	g	g	g	mg	g	228	g	100
กล้วยหอม	105	1.00	23.00	2.60	0.10	0.20	0.00	12.00	1.00	kcal	g	g	g	g	g	g	mg	g	229	g	120
มะละกอสุก	50	0.50	10.00	1.80	0.00	0.10	0.00	8.00	2.00	kcal	g	g	g	g	g	g	mg	g	230	g	100
ผัดผักเจ	90	2.00	6.00	2.00	0.50	1.50	2.00	1.00	200.00	kcal	g	g	g	g	g	g	mg	g	231	g	150
ข้าวกล้อง+งา	220	5.00	38.00	3.00	1.00	2.00	3.00	1.00	250.00	kcal	g	g	g	g	g	g	mg	g	232	g	150
ถั่วแดงต้ม	110	7.00	26.00	5.50	0.30	0.60	1.00	1.00	5.00	kcal	g	g	g	g	g	g	mg	g	233	g	100
ซุปเห็ดเจ	70	3.00	6.00	1.20	0.50	1.00	2.00	1.00	180.00	kcal	g	g	g	g	g	g	mg	g	234	ml	250
ผลไม้สด	60	1.00	14.00	2.00	0.00	0.00	0.00	12.00	1.00	kcal	g	g	g	g	g	g	mg	g	235	g	150
ขนมปังข้าวกล้องไม่ใส่นม/ไข่	180	4.00	30.00	3.50	0.50	1.50	2.00	2.00	200.00	kcal	g	g	g	g	g	g	mg	g	236	ml	60
สาหร่ายอบเจ	25	5.00	5.00	1.50	0.00	1.50	2.00	1.00	200.00	kcal	g	g	g	g	g	g	mg	g	237	g	10
น้ำอัญชัน	20	0.00	6.00	0.00	0.00	0.00	0.00	6.00	1.00	kcal	g	g	g	g	g	g	mg	g	238	ml	200
น้ำฟักทอง	45	1.00	14.00	1.00	0.00	0.00	0.00	9.00	5.00	kcal	g	g	g	g	g	g	mg	g	239	ml	200
ซีเรียลธัญพืชเจ	160	4.00	35.00	3.00	0.50	1.00	2.00	8.00	200.00	kcal	g	g	g	g	g	g	mg	g	240	g	40
เมล็ดเจียใส่น้ำผลไม้	100	2.00	5.00	4.50	0.50	1.50	2.00	3.00	10.00	kcal	g	g	g	g	g	g	mg	g	241	ml	200
เจลลี่มะพร้าวน้ำหอม	80	0.00	20.00	1.00	0.00	0.00	0.00	18.00	30.00	kcal	g	g	g	g	g	g	mg	g	242	ml	100
มันต้ม	90	2.00	22.00	2.20	0.10	0.30	0.00	1.00	5.00	kcal	g	g	g	g	g	g	mg	g	243	g	120
แครอทอบ	30	1.00	11.00	3.00	0.10	0.20	0.00	5.00	30.00	kcal	g	g	g	g	g	g	mg	g	244	g	100
ข้าวหมูทอดกระเทียม	450	20.00	40.00	2.00	3.00	5.00	8.00	1.00	700.00	kcal	g	g	g	g	g	g	mg	g	305	g	280
ไข่เจียวหมูสับ	200	14.00	1.00	0.00	3.00	4.00	7.00	0.00	620.00	kcal	g	g	g	g	g	g	mg	g	306	g	100
อกไก่ย่าง	165	24.00	0.00	0.00	1.00	2.00	3.00	0.00	350.00	kcal	g	g	g	g	g	g	mg	g	307	g	100
ไก่ปิ้ง 3 ไม้	180	20.00	1.00	0.00	2.00	4.00	6.00	0.00	500.00	kcal	g	g	g	g	g	g	mg	g	308	g	100
ข้าวเหนียวหมูฝอย	420	15.00	40.00	1.00	3.00	4.00	7.00	5.00	680.00	kcal	g	g	g	g	g	g	mg	g	309	g	200
ไข่ต้มยางมะตูม	75	6.00	1.00	0.00	1.50	2.40	4.00	0.60	65.00	kcal	g	g	g	g	g	g	mg	g	310	g	60
โจ๊กไก่	180	6.00	25.00	1.00	1.00	2.00	3.00	1.00	600.00	kcal	g	g	g	g	g	g	mg	g	311	g	250
แฮมหมูอบ	120	12.00	1.00	0.00	2.50	4.00	6.00	0.00	800.00	kcal	g	g	g	g	g	g	mg	g	312	g	60
ข้าวหมูกระเทียม	450	20.00	42.00	2.00	3.00	4.00	7.00	2.00	700.00	kcal	g	g	g	g	g	g	mg	g	313	g	280
ไส้กรอกไก่รมควัน	150	10.00	2.00	0.00	3.00	4.00	7.00	0.00	850.00	kcal	g	g	g	g	g	g	mg	g	314	g	80
ข้าวคลุกกะปิ (ไม่มีปลาทู)	400	11.00	44.00	2.00	1.50	3.50	5.00	5.00	720.00	kcal	g	g	g	g	g	g	mg	g	315	g	250
แซนด์วิชไก่	300	14.00	28.00	2.00	2.50	3.00	6.00	2.00	550.00	kcal	g	g	g	g	g	g	mg	g	316	g	180
น้ำเต้าหู้	80	7.00	10.00	1.00	0.50	2.00	2.00	6.00	80.00	kcal	g	g	g	g	g	g	mg	g	317	ml	250
นมอัลมอนด์	50	1.00	2.00	1.00	0.00	2.50	2.00	0.00	5.00	kcal	g	g	g	g	g	g	mg	g	318	ml	250
เต้าหู้ขาวนึ่ง	85	8.00	2.00	1.00	0.50	1.50	2.00	0.50	10.00	kcal	g	g	g	g	g	g	mg	g	319	g	100
ขนมปังโฮลวีตไข่ต้ม	250	10.00	30.00	3.50	1.50	2.50	4.00	2.00	450.00	kcal	g	g	g	g	g	g	mg	g	320	ml	150
สาหร่ายอบ	25	5.00	5.00	1.50	0.00	1.50	2.00	1.00	200.00	kcal	g	g	g	g	g	g	mg	g	321	g	10
ผลไม้รวมแพ็ค	60	1.00	17.00	2.20	0.00	0.10	0.00	14.00	1.00	kcal	g	g	g	g	g	g	mg	g	322	g	150
น้ำสมุนไพร	25	0.00	10.00	0.00	0.00	0.00	0.00	10.00	1.00	kcal	g	g	g	g	g	g	mg	g	323	ml	200
กล้วยอบกรอบ	120	1.00	25.00	2.00	1.00	2.00	3.00	10.00	150.00	kcal	g	g	g	g	g	g	mg	g	324	g	40
ข้าวกล้องหุงสุก	110	2.60	23.00	1.80	0.20	0.40	1.00	0.00	1.00	kcal	g	g	g	g	g	g	mg	g	325	g	150
ปลาเผา	160	20.00	0.00	0.00	1.00	2.00	3.00	0.00	50.00	kcal	g	g	g	g	g	g	mg	g	326	g	100
นมถั่วเหลืองไวตามิลค์	130	9.00	24.00	1.00	0.50	2.00	2.00	15.00	90.00	kcal	g	g	g	g	g	g	mg	g	245	ml	250
ข้าวเหนียวหมู	350	16.00	45.00	1.00	3.00	4.00	7.00	5.00	600.00	kcal	g	g	g	g	g	g	mg	g	246	g	180
อกไก่พริกไทยดำ	165	22.00	1.00	0.00	1.00	2.00	3.00	0.00	400.00	kcal	g	g	g	g	g	g	mg	g	247	g	100
ข้าวคลุกกะปิไม่ใส่ไข่	400	12.00	45.00	2.00	1.50	4.00	6.00	5.00	750.00	kcal	g	g	g	g	g	g	mg	g	248	g	250
สาหร่ายอบ	25	5.00	5.00	1.50	0.00	1.50	2.00	1.00	200.00	kcal	g	g	g	g	g	g	mg	g	249	g	10
ขนมถั่วรวมอบกรอบ	160	6.00	10.00	2.00	1.00	3.00	4.00	2.00	120.00	kcal	g	g	g	g	g	g	mg	g	250	ml	40
เต้าหู้ทอด	120	8.00	4.00	1.00	1.50	3.00	4.00	1.00	250.00	kcal	g	g	g	g	g	g	mg	g	251	g	80
ผลไม้รวมแพ็ค	60	1.00	15.00	2.00	0.00	0.00	0.00	13.00	1.00	kcal	g	g	g	g	g	g	mg	g	252	g	150
มะม่วงหั่น	60	1.00	17.00	1.50	0.00	0.00	0.00	14.00	1.00	kcal	g	g	g	g	g	g	mg	g	253	g	100
เมล็ดทานตะวันอบ	160	5.00	6.00	2.00	1.00	5.00	6.00	0.00	150.00	kcal	g	g	g	g	g	g	mg	g	254	g	30
นมอัลมอนด์เมจิ	50	1.00	2.00	1.00	0.00	2.50	2.00	0.00	5.00	kcal	g	g	g	g	g	g	mg	g	255	ml	180
แกงจืดผักใส่เต้าหู้	90	6.00	4.00	2.00	0.50	1.50	2.00	1.00	300.00	kcal	g	g	g	g	g	g	mg	g	256	g	250
น้ำผักผลไม้รวม	70	0.50	12.00	1.00	0.00	0.00	0.00	10.00	15.00	kcal	g	g	g	g	g	g	mg	g	257	ml	250
ปลากระป๋อง	140	15.00	3.00	0.00	1.50	2.00	4.00	2.00	400.00	kcal	g	g	g	g	g	g	mg	g	258	g	120
แซนด์วิชทูน่า (ไม่มีไข่)	280	14.00	25.00	2.00	2.00	3.00	5.00	3.00	500.00	kcal	g	g	g	g	g	g	mg	g	259	g	180
น้ำฟักทองพร้อมดื่ม	45	1.00	14.00	1.00	0.00	0.00	0.00	9.00	5.00	kcal	g	g	g	g	g	g	mg	g	260	ml	200
กล้วยตาก	120	1.00	35.00	3.00	0.10	0.30	0.00	28.00	2.00	kcal	g	g	g	g	g	g	mg	g	261	g	50
เส้นหมี่แห้งหมูแดง (ไม่ใส่ไข่)	400	14.00	40.00	2.00	1.50	2.50	4.00	3.00	700.00	kcal	g	g	g	g	g	g	mg	g	262	g	220
ไก่ตุ๋นสมุนไพร	180	22.00	2.00	0.00	1.00	3.00	4.00	1.00	420.00	kcal	g	g	g	g	g	g	mg	g	263	ml	200
น้ำเต้าหู้ธัญพืช	100	7.00	12.00	1.50	0.50	2.00	2.00	8.00	90.00	kcal	g	g	g	g	g	g	mg	g	264	ml	250
อกไก่ย่าง	165	24.00	0.00	0.00	1.00	2.00	3.00	0.00	350.00	kcal	g	g	g	g	g	g	mg	g	265	g	100
อกไก่นุ่ม CP	110	22.00	1.00	0.00	1.00	2.00	3.00	0.00	400.00	kcal	g	g	g	g	g	g	mg	g	266	g	100
ไข่ต้ม	75	6.30	0.60	0.00	1.60	2.40	4.00	0.60	62.00	kcal	g	g	g	g	g	g	mg	g	267	g	60
ไข่เจียวหมูสับ (ใช้น้ำมันมะพร้าว)	200	14.00	1.00	0.00	3.50	4.00	8.00	0.00	600.00	kcal	g	g	g	g	g	g	mg	g	268	ml	100
เต้าหู้ทอด	120	8.00	4.00	1.00	1.50	3.00	4.00	1.00	250.00	kcal	g	g	g	g	g	g	mg	g	269	g	80
แฮมหมูอบ	120	12.00	1.00	0.00	2.50	4.00	6.00	0.00	800.00	kcal	g	g	g	g	g	g	mg	g	270	g	60
ไก่ปิ้ง 3 ไม้	180	20.00	1.00	0.00	2.00	4.00	6.00	0.00	500.00	kcal	g	g	g	g	g	g	mg	g	271	g	100
หมูสามชั้นย่าง	290	20.00	0.00	0.00	7.00	13.00	20.00	0.00	500.00	kcal	g	g	g	g	g	g	mg	g	272	g	100
เบคอนอบ	200	15.00	0.00	0.00	5.00	12.00	17.00	0.00	900.00	kcal	g	g	g	g	g	g	mg	g	273	g	60
น้ำเต้าหู้ไม่หวาน	80	7.00	6.00	1.00	0.50	2.00	2.00	2.00	60.00	kcal	g	g	g	g	g	g	mg	g	274	ml	250
นมอัลมอนด์สูตรไม่มีน้ำตาล	50	1.00	2.00	1.00	0.00	2.50	2.00	0.00	5.00	kcal	g	g	g	g	g	g	mg	g	275	ml	250
น้ำมันมะพร้าวสำหรับปรุงอาหาร	120	0.00	0.00	0.00	12.00	0.00	12.00	0.00	0.00	kcal	g	g	g	g	g	g	mg	g	276	ml	15
อโวคาโด	120	2.00	9.00	7.00	1.50	10.00	12.00	0.20	7.00	kcal	g	g	g	g	g	g	mg	g	277	g	100
สาหร่ายอบ	25	5.00	5.00	1.50	0.00	1.50	2.00	1.00	200.00	kcal	g	g	g	g	g	g	mg	g	278	g	10
ชีสแผ่น (ไม่มีคาร์บ)	80	5.00	0.00	0.00	3.00	3.50	6.00	0.00	210.00	kcal	g	g	g	g	g	g	mg	g	279	g	25
แครอทอบ	30	1.00	11.00	3.00	0.10	0.20	0.00	5.00	30.00	kcal	g	g	g	g	g	g	mg	g	280	g	100
แตงกวาสด	10	0.50	4.00	1.50	0.00	0.10	0.00	1.00	5.00	kcal	g	g	g	g	g	g	mg	g	281	g	100
ไข่ตุ๋น	80	7.00	2.00	0.00	1.50	2.00	4.00	1.00	300.00	kcal	g	g	g	g	g	g	mg	g	282	g	120
น้ำซุปกระดูกหมู	60	6.00	1.00	0.00	2.00	2.00	4.00	0.00	180.00	kcal	g	g	g	g	g	g	mg	g	283	ml	250
ผัดผักใส่น้ำมันมะกอก	90	2.00	5.00	2.50	0.50	1.50	2.00	1.00	180.00	kcal	g	g	g	g	g	g	mg	g	284	ml	150
ไก่อบสมุนไพร	180	22.00	1.00	0.00	1.00	2.00	3.00	0.00	400.00	kcal	g	g	g	g	g	g	mg	g	327	g	120
ไข่ต้ม	75	6.30	0.60	0.00	1.60	2.40	4.00	0.60	62.00	kcal	g	g	g	g	g	g	mg	g	328	g	60
น้ำเต้าหู้	80	7.00	10.00	1.00	0.50	2.00	2.00	6.00	80.00	kcal	g	g	g	g	g	g	mg	g	329	ml	250
เต้าหู้ขาวทอด	120	8.00	2.00	1.00	1.00	3.00	4.00	0.50	180.00	kcal	g	g	g	g	g	g	mg	g	330	g	80
มันอบ	90	2.00	20.00	3.00	0.10	0.30	0.00	5.00	10.00	kcal	g	g	g	g	g	g	mg	g	331	g	120
ไข่ต้ม	75	6.30	0.60	0.00	1.60	2.40	4.00	0.60	62.00	kcal	g	g	g	g	g	g	mg	g	285	g	60
อกไก่ย่าง	165	24.00	0.00	0.00	1.00	2.00	3.00	0.00	350.00	kcal	g	g	g	g	g	g	mg	g	286	g	100
แซลมอนอบ	180	25.00	0.00	0.00	1.00	5.00	6.00	0.00	60.00	kcal	g	g	g	g	g	g	mg	g	287	g	100
นมวัวจืด	90	6.00	5.00	0.00	3.00	1.00	4.00	5.00	80.00	kcal	g	g	g	g	g	g	mg	g	288	ml	250
เผือกต้ม	80	1.50	22.00	2.00	0.10	0.20	0.00	1.00	5.00	kcal	g	g	g	g	g	g	mg	g	332	g	120
กล้วยน้ำว้าสุก	100	1.00	23.00	2.80	0.10	0.20	0.00	12.00	1.00	kcal	g	g	g	g	g	g	mg	g	333	ml	100
ส้มโอ	50	0.80	12.00	1.50	0.00	0.10	0.00	9.00	0.00	kcal	g	g	g	g	g	g	mg	g	334	g	100
มะละกอสุก	50	0.50	10.00	1.80	0.00	0.10	0.00	8.00	2.00	kcal	g	g	g	g	g	g	mg	g	335	g	100
เม็ดมะม่วงหิมพานต์อบ	160	5.00	9.00	1.00	2.50	5.00	8.00	2.00	150.00	kcal	g	g	g	g	g	g	mg	g	336	g	30
ข้าวโพดต้ม	90	3.00	18.00	2.70	0.20	0.50	1.00	5.00	10.00	kcal	g	g	g	g	g	g	mg	g	337	g	150
น้ำอัญชัน	20	0.00	6.00	0.00	0.00	0.00	0.00	6.00	1.00	kcal	g	g	g	g	g	g	mg	g	338	ml	200
สาหร่ายแผ่น	25	5.00	5.00	1.50	0.00	1.50	2.00	1.00	200.00	kcal	g	g	g	g	g	g	mg	g	339	g	10
ซุปเต้าหู้สาหร่าย	70	6.00	3.00	1.00	0.50	1.50	2.00	1.00	300.00	kcal	g	g	g	g	g	g	mg	g	340	ml	250
แครอทต้ม	30	1.00	10.00	3.00	0.00	0.10	0.00	5.00	40.00	kcal	g	g	g	g	g	g	mg	g	341	g	100
ซุปข้าวโพด	100	2.00	8.00	1.00	0.50	1.00	2.00	4.00	280.00	kcal	g	g	g	g	g	g	mg	g	342	ml	200
ข้าวเหนียวหมู	350	16.00	45.00	1.00	3.00	4.00	7.00	5.00	600.00	kcal	g	g	g	g	g	g	mg	g	343	g	180
นมข้าวโอ๊ต	90	2.00	16.00	2.00	0.20	1.80	2.00	6.00	120.00	kcal	g	g	g	g	g	g	mg	g	344	ml	250
กล้วยอบ	120	1.00	30.00	2.80	0.10	0.40	0.00	18.00	2.00	kcal	g	g	g	g	g	g	mg	g	345	g	50
อกไก่พริกไทยดำ	165	22.00	1.00	0.00	1.00	2.00	3.00	0.00	400.00	kcal	g	g	g	g	g	g	mg	g	346	g	100
สาหร่ายอบ	25	5.00	5.00	1.50	0.00	1.50	2.00	1.00	200.00	kcal	g	g	g	g	g	g	mg	g	347	g	10
กล้วยหอม	105	1.00	23.00	2.60	0.10	0.20	0.00	12.00	1.00	kcal	g	g	g	g	g	g	mg	g	348	g	120
ข้าวคลุกงา	220	7.00	40.00	3.00	1.00	2.00	3.00	1.00	300.00	kcal	g	g	g	g	g	g	mg	g	349	g	150
ฟักทองนึ่ง	45	1.00	9.00	1.00	0.00	0.50	0.00	2.00	1.00	kcal	g	g	g	g	g	g	mg	g	350	ml	100
โปรตีนบาร์ UNME	180	10.00	15.00	5.00	1.00	2.00	3.00	7.00	150.00	kcal	g	g	g	g	g	g	mg	g	351	g	40
ข้าวคลุกกะปิไม่ใส่ไข่	400	12.00	45.00	2.00	1.50	4.00	6.00	5.00	750.00	kcal	g	g	g	g	g	g	mg	g	352	g	250
ผลไม้สดแพ็ค	60	1.00	15.00	2.00	0.00	0.00	0.00	13.00	1.00	kcal	g	g	g	g	g	g	mg	g	353	g	150
อกไก่ย่าง	165	24.00	0.00	0.00	1.00	2.00	3.00	0.00	350.00	kcal	g	g	g	g	g	g	mg	g	354	g	100
ไข่ต้ม	75	6.30	0.60	0.00	1.60	2.40	4.00	0.60	62.00	kcal	g	g	g	g	g	g	mg	g	355	g	60
ไข่ตุ๋น	80	7.00	2.00	0.00	1.50	2.00	4.00	1.00	300.00	kcal	g	g	g	g	g	g	mg	g	356	g	120
เต้าหู้ขาวนึ่ง	85	8.00	2.00	1.00	0.50	1.50	2.00	0.50	10.00	kcal	g	g	g	g	g	g	mg	g	357	g	100
ผัดผักใช้น้ำมันมะกอก	90	2.00	5.00	2.50	0.50	1.50	2.00	1.00	180.00	kcal	g	g	g	g	g	g	mg	g	358	ml	150
ไก่ปิ้งไม่หมักซอสหวาน	180	20.00	1.00	0.00	2.00	4.00	6.00	0.00	500.00	kcal	g	g	g	g	g	g	mg	g	359	g	100
น้ำเต้าหู้ไม่หวาน	80	7.00	6.00	1.00	0.50	2.00	2.00	2.00	60.00	kcal	g	g	g	g	g	g	mg	g	360	ml	250
นมอัลมอนด์สูตรน้ำตาล 0%	50	1.00	2.00	1.00	0.00	2.50	2.00	0.00	5.00	kcal	g	g	g	g	g	g	mg	g	361	ml	250
แตงกวา / เซเลอรี่	10	0.50	4.00	1.50	0.00	0.10	0.00	1.00	5.00	kcal	g	g	g	g	g	g	mg	g	362	g	100
อโวคาโด 1/2 ลูก	120	2.00	9.00	7.00	1.50	10.00	12.00	0.20	7.00	kcal	g	g	g	g	g	g	mg	g	363	g	100
น้ำซุปกระดูกหมู	60	6.00	1.00	0.00	2.00	2.00	4.00	0.00	180.00	kcal	g	g	g	g	g	g	mg	g	364	ml	250
เห็ดผัดน้ำมันมะกอก	100	3.00	6.00	2.00	1.00	2.00	3.00	1.00	180.00	kcal	g	g	g	g	g	g	mg	g	365	ml	120
หมูย่างไม่มัน	210	20.00	0.00	0.00	3.00	5.00	8.00	0.00	600.00	kcal	g	g	g	g	g	g	mg	g	366	g	120
ไข่เจียวหมูสับ (ใช้น้ำมันมะพร้าวน้อย ๆ)	200	14.00	1.00	0.00	3.50	4.00	8.00	0.00	600.00	kcal	g	g	g	g	g	g	mg	g	367	ml	100
โยเกิร์ตเมจิ	100	5.00	20.00	0.00	2.00	2.00	4.00	15.00	100.00	kcal	g	g	g	g	g	g	mg	g	299	ml	135
ถั่วลิสงอบเกลือ (นิดเดียว)	160	7.00	6.00	2.50	1.50	4.00	6.00	1.00	150.00	kcal	g	g	g	g	g	g	mg	g	368	g	30
เต้าหู้ย่าง / เต้าหู้แห้ง	95	9.00	2.00	1.00	1.00	2.00	3.00	0.50	200.00	kcal	g	g	g	g	g	g	mg	g	369	g	100
น้ำอัญชันไม่ใส่น้ำตาล	20	0.00	6.00	0.00	0.00	0.00	0.00	6.00	1.00	kcal	g	g	g	g	g	g	mg	g	370	ml	200
ซุปผักใส่น้ำมันมะกอก	70	2.00	4.00	1.50	0.50	1.00	2.00	2.00	150.00	kcal	g	g	g	g	g	g	mg	g	371	ml	250
เมล็ดฟักทองอบ	160	7.00	5.00	1.10	1.20	4.00	5.00	1.00	100.00	kcal	g	g	g	g	g	g	mg	g	372	g	30
น้ำมะพร้าว 100%	60	0.50	10.00	0.20	0.00	0.00	0.00	10.00	60.00	kcal	g	g	g	g	g	g	mg	g	373	ml	250
ขนมมันม่วง	100	1.00	25.00	3.00	0.50	1.00	2.00	10.00	150.00	kcal	g	g	g	g	g	g	mg	g	374	ml	30
น้ำกระเจี๊ยบ	25	0.00	22.00	0.00	0.00	0.00	0.00	22.00	30.00	kcal	g	g	g	g	g	g	mg	g	375	ml	250
โจ๊กฟัก ต้มยำไก่	200	5.00	35.00	1.00	1.00	2.00	3.00	1.00	700.00	kcal	g	g	g	g	g	g	mg	g	376	g	250
ไก่ปิ้งแพ็ค	180	20.00	1.00	0.00	2.00	4.00	6.00	0.00	500.00	kcal	g	g	g	g	g	g	mg	g	377	g	100
ขนมข้าวกล้องอบกรอบ	110	2.00	14.00	1.00	1.00	1.00	2.00	1.00	170.00	kcal	g	g	g	g	g	g	mg	g	378	ml	30
ข้าวกล้องหมูฝอย	420	15.00	40.00	1.00	3.00	4.00	7.00	5.00	680.00	kcal	g	g	g	g	g	g	mg	g	379	g	200
โปรตีนบาร์ UNME	180	10.00	15.00	5.00	1.00	2.00	3.00	2.00	150.00	kcal	g	g	g	g	g	g	mg	g	380	g	40
นมอัลมอนด์ 137 degrees	50	1.00	2.00	1.00	0.00	2.50	2.00	0.00	5.00	kcal	g	g	g	g	g	g	mg	g	173	ml	250
น้ำเต้าหู้เมจิ สูตรไม่หวาน	80	9.00	6.00	1.00	0.50	2.00	2.00	0.00	90.00	kcal	g	g	g	g	g	g	mg	g	175	ml	250
อกไก่นุ่ม CP	110	22.00	1.00	0.00	1.00	2.00	3.00	0.00	400.00	kcal	g	g	g	g	g	g	mg	g	176	g	100
เต้าหู้หลอด	90	7.00	3.00	1.00	0.50	2.00	2.00	1.00	8.00	kcal	g	g	g	g	g	g	mg	g	177	g	120
แซลมอนย่างพร้อมทาน	180	25.00	0.00	0.00	1.00	5.00	6.00	0.00	60.00	kcal	g	g	g	g	g	g	mg	g	178	g	100
ข้าวกล้องคลุกสาหร่าย	240	5.00	35.00	2.00	1.00	3.00	4.00	1.00	300.00	kcal	g	g	g	g	g	g	mg	g	179	g	200
ขนมข้าวโพดอบกรอบ (ไม่มีชีส)	110	2.00	15.00	1.00	2.00	3.00	5.00	2.00	180.00	kcal	g	g	g	g	g	g	mg	g	180	ml	30
กล้วยอบ	120	1.00	30.00	2.80	0.10	0.40	0.00	18.00	2.00	kcal	g	g	g	g	g	g	mg	g	181	g	50
มะม่วงอบแห้ง	130	1.00	32.00	1.50	0.00	0.00	0.00	25.00	3.00	kcal	g	g	g	g	g	g	mg	g	182	g	40
ผลไม้สดแพ็ค	60	1.00	15.00	2.00	0.00	0.00	0.00	13.00	1.00	kcal	g	g	g	g	g	g	mg	g	183	g	150
ข้าวเกรียบไรซ์เบอรี่	110	2.00	20.00	1.00	1.00	2.00	3.00	1.00	250.00	kcal	g	g	g	g	g	g	mg	g	184	g	30
น้ำเต้าหู้	80	7.00	10.00	1.00	0.50	1.50	2.00	10.00	0.50	kcal	g	g	g	g	g	g	mg	g	191	ml	250
นมอัลมอนด์	50	1.00	2.00	1.00	0.50	1.50	2.00	10.00	0.50	kcal	g	g	g	g	g	g	mg	g	192	ml	250
ซุปเห็ดเจ	70	3.00	2.00	1.00	0.50	1.50	2.00	10.00	0.50	kcal	g	g	g	g	g	g	mg	g	199	ml	250
ข้าวกล้องหมูย่าง	420	15.00	35.00	1.50	2.00	5.00	7.00	2.00	600.00	kcal	g	g	g	g	g	g	mg	g	289	g	250
น้ำส้ม 100%	80	1.00	22.00	0.20	0.00	0.00	0.00	20.00	5.00	kcal	g	g	g	g	g	g	mg	g	290	ml	250
กล้วยอบกรอบ	120	1.00	25.00	2.00	1.00	2.00	3.00	10.00	150.00	kcal	g	g	g	g	g	g	mg	g	291	g	40
น้ำอ้อย	100	0.00	26.00	0.00	0.00	0.00	0.00	25.00	10.00	kcal	g	g	g	g	g	g	mg	g	292	ml	250
ผลไม้แพ็ค	60	1.00	15.00	2.00	0.00	0.00	0.00	13.00	1.00	kcal	g	g	g	g	g	g	mg	g	293	g	150
ข้าวโพดอบ	110	3.00	18.00	2.50	0.30	0.70	1.00	5.00	200.00	kcal	g	g	g	g	g	g	mg	g	294	g	80
ไข่ตุ๋น	80	7.00	2.00	0.00	1.50	2.00	4.00	1.00	300.00	kcal	g	g	g	g	g	g	mg	g	295	g	120
โจ๊กไก่	180	6.00	25.00	1.00	1.00	2.00	3.00	1.00	600.00	kcal	g	g	g	g	g	g	mg	g	296	g	250
มันฝรั่งต้ม	90	2.00	20.00	2.20	0.10	0.30	0.00	1.00	5.00	kcal	g	g	g	g	g	g	mg	g	297	g	120
น้ำใบเตย	20	0.00	10.00	0.00	0.00	0.00	0.00	10.00	1.00	kcal	g	g	g	g	g	g	mg	g	298	ml	250
UFC Velvet ข้าวโอ๊ต	70	1.00	12.00	2.00	0.00	2.00	2.00	5.00	80.00	kcal	g	g	g	g	g	g	mg	g	174	g	250
ข้าวผัดหมูไม่ใส่ถั่ว	420	14.00	40.00	1.50	2.00	3.00	5.00	3.00	700.00	kcal	g	g	g	g	g	g	mg	g	300	g	280
แซนด์วิชแฮมชีส	350	15.00	30.00	2.00	3.50	4.00	8.00	3.00	650.00	kcal	g	g	g	g	g	g	mg	g	301	g	180
นมเปรี้ยวไขมันต่ำ	90	4.00	22.00	0.00	1.00	1.50	2.00	18.00	90.00	kcal	g	g	g	g	g	g	mg	g	302	ml	200
ซุปไก่	120	10.00	2.00	0.20	0.50	1.50	2.00	1.00	300.00	kcal	g	g	g	g	g	g	mg	g	303	ml	250
กล้วยน้ำว้า	90	1.00	23.00	2.80	0.10	0.20	0.00	12.00	1.00	kcal	g	g	g	g	g	g	mg	g	304	ml	100
\.


--
-- Data for Name: food_item_categories; Type: TABLE DATA; Schema: public; Owner: postgres
--

COPY public.food_item_categories (food_item_id, category_id) FROM stdin;
371	4
340	1
234	8
234	10
303	3
368	4
233	8
233	10
344	1
185	8
245	6
288	3
318	8
318	7
318	10
318	2
361	4
275	4
255	6
302	3
364	4
364	5
257	6
239	8
239	10
260	6
373	7
276	4
323	2
290	3
338	8
338	7
338	10
338	1
370	4
292	3
329	8
329	7
329	10
329	2
329	1
264	8
264	6
175	9
360	4
360	5
298	3
258	6
326	1
322	7
322	2
322	6
235	8
235	10
353	9
353	1
293	3
212	8
212	7
231	8
231	10
174	9
261	6
304	7
304	3
333	1
348	8
348	10
348	1
345	9
345	1
324	2
324	3
180	9
250	6
320	2
289	3
342	1
225	8
225	7
225	10
173	9
358	4
284	4
350	8
350	7
350	10
350	1
253	6
182	9
335	8
335	10
335	1
243	10
297	3
331	1
347	7
347	2
347	6
347	4
347	1
237	8
237	10
339	1
334	1
366	4
272	4
266	7
266	4
266	9
346	6
346	1
354	7
354	2
354	4
354	3
354	5
277	4
363	5
242	10
330	1
357	2
357	4
269	8
269	6
269	4
369	5
209	7
209	9
273	4
332	1
254	6
372	7
372	4
241	10
336	1
262	6
365	5
256	6
341	1
280	7
280	10
280	4
259	6
301	3
316	2
178	9
287	3
362	5
281	4
312	2
312	4
311	2
311	3
380	1
299	3
263	6
308	2
308	4
359	5
327	1
356	7
356	4
356	3
356	5
355	7
355	4
355	3
355	1
355	5
310	2
306	2
268	4
367	5
314	2
186	7
186	4
186	9
307	7
307	9
230	9
295	9
295	1
187	9
188	9
189	9
190	9
193	9
194	9
195	9
196	9
197	9
198	9
200	9
201	9
202	9
203	9
204	9
205	9
206	9
207	9
208	9
210	9
211	9
213	9
214	9
215	9
216	9
217	9
218	9
219	9
220	9
221	9
222	9
223	9
224	9
226	9
227	9
228	9
229	9
232	9
236	9
238	9
240	9
244	9
305	9
309	9
313	9
315	9
317	9
319	9
321	9
325	9
246	9
247	9
248	9
249	9
251	9
252	9
265	9
267	9
270	9
271	9
274	9
278	9
279	9
282	9
283	9
328	9
285	9
286	9
337	9
343	9
349	9
351	9
352	9
374	9
375	9
376	9
377	9
378	9
379	9
176	9
177	9
179	9
181	9
183	9
184	9
191	9
192	9
199	9
291	9
294	9
296	9
300	9
\.


--
-- Data for Name: questions; Type: TABLE DATA; Schema: public; Owner: postgres
--

COPY public.questions (id, code, question_text, type, is_required) FROM stdin;
1	goal	เป้าหมายสุขภาพของคุณคืออะไร	single	t
2	exercise	คุณออกกำลังกายบ่อยแค่ไหน	single	t
3	sleep_hours	คุณนอนวันละกี่ชั่วโมง	single	t
4	work_time	เวลาทำงานของคุณเป็นแบบไหน	single	t
5	smartwatch	คุณมี Smartwatch หรือไม่	single	t
6	meal_freq	คุณกินอาหารวันละกี่มื้อ	single	t
7	avoid_food	มีอาหารประเภทใดที่คุณหลีกเลี่ยง	multi	f
8	special_diet	คุณมีรูปแบบการกินพิเศษหรือไม่	multi	f
9	food_source	คุณรับประทานอาหารจากที่ไหน	single	f
10	target_weight_kg	น้ำหนักที่คุณต้องการจะเพิ่ม/ลด	text	t
11	target_speed	คุณต้องการบรรลุเป้าหมายน้ำหนักของคุณเร็วแค่ไหน	text	t
12	health_focus	สิ่งที่คุณหลีกเลี่ยง (ด้านสุขภาพ)	multi	t
\.


--
-- Data for Name: question_choices; Type: TABLE DATA; Schema: public; Owner: postgres
--

COPY public.question_choices (id, question_id, choice_text, value) FROM stdin;
1	1	ลดน้ำหนัก	lose_weight
2	1	เพิ่มน้ำหนัก	gain_weight
3	1	สุขภาพดี	healthy
4	1	ควบคุมโรค	disease_control
5	2	0 ครั้ง (ไม่ออกกำลังกาย)	0
6	2	1 - 2 ครั้ง / สัปดาห์	1-2
7	2	3 - 4 ครั้ง / สัปดาห์	3-4
8	2	5+ ครั้ง / สัปดาห์	5+
9	3	น้อยกว่า 5 ชั่วโมง	<5
10	3	5 - 6 ชั่วโมง	5-6
11	3	7 - 8 ชั่วโมง	7-8
12	3	มากกว่า 8 ชั่วโมง	>8
13	4	กะเช้า (06:00 - 14:00)	morning
14	4	กะกลางวัน (08:00 - 17:00)	day
15	4	กะบ่าย (14:00 - 22:00)	evening
16	4	กะดึก (22:00 - 06:00)	night
17	4	เวลาทำงานไม่แน่นอน	irregular
18	4	ฟรีแลนซ์ / อิสระ	freelance
19	4	ทำงานทั้งวัน (12+ ชม.)	full_day
20	4	ไม่ได้ทำงาน (นักเรียน/อื่นๆ)	not_working
21	5	มีและใช้เป็นประจำ	use_regularly
22	5	มีแล้ว แต่แทบไม่ได้ใช้	rarely_use
23	5	กำลังวางแผนจะซื้อเร็วๆนี้	plan_to_buy
24	5	ยังไม่มี แต่สนใจในอนาคต	interested
25	5	ไม่มี และไม่คิดจะใช้	no_use
26	6	1 มื้อ	1
27	6	2 มื้อ	2
28	6	3 มื้อ	3
29	6	มากกว่า 3 มื้อ	>3
30	7	ไม่มี (กินได้ทุกอย่าง)	none
31	7	อาหารทะเล	seafood
32	7	ถั่ว	nuts
33	7	นมและผลิตภัณฑ์จากนม	dairy
34	7	ไข่	egg
35	7	กลูเตน	gluten
36	7	มังสวิรัติ	vegetarian
37	7	วีแกน	vegan
38	8	ไม่มี (กินปกติ)	none
39	8	IF (กินเป็นช่วงเวลา)	if
40	8	คีโต (คาร์บต่ำ ไขมันสูง)	keto
41	8	โลว์คาร์บ (ลดแป้ง น้ำตาล)	lowcarb
42	8	เหตุผลอื่นๆ (โปรดระบุ)	other
43	9	ทำเองบ้าง แต่ซื้อน้อย	home_cook_little
44	9	ซื้อจากร้านเป็นหลัก	buy_main
45	9	เดลิเวอรี/อาหารสำเร็จรูปเป็นหลัก	delivery
46	9	มีคนทำให้ (ครอบครัว/แม่บ้าน)	others_cook
47	9	ทำอาหารเองเกือบทั้งหมด	cook_all
48	10	1 kg	1
49	10	2 kg	2
50	10	3 kg	3
51	10	4 kg	4
52	10	5 kg	5
53	10	6 kg	6
54	10	7 kg	7
55	10	8 kg	8
56	10	9 kg	9
60	12	ควบคุมไขมัน	fat
61	12	ควบคุมโซเดียม	sodium
62	12	ควบคุมน้ำตาล	sugar
63	12	คาร์โบไฮเดรตต่ำ	carb
64	12	ควบคุมกรดยูริก	uric
65	12	เสี่ยงตับเสื่อม	liver
66	12	ควบคุมระดับอินซูลิน / ต้านอินซูลิน	insulin
67	12	เหตุผลอื่นๆ (โปรดระบุ)	other
68	11	0.1 kg/สัปดาห์	0.1
69	11	0.2 kg/สัปดาห์	0.2
70	11	0.3 kg/สัปดาห์	0.3
71	11	0.4 kg/สัปดาห์	0.4
72	11	0.5 kg/สัปดาห์	0.5
73	11	0.6 kg/สัปดาห์	0.6
74	11	0.7 kg/สัปดาห์	0.7
75	11	0.8 kg/สัปดาห์	0.8
76	11	0.9 kg/สัปดาห์	0.9
77	11	1.0 kg/สัปดาห์	1.0
78	11	1.1 kg/สัปดาห์	1.1
79	11	1.2 kg/สัปดาห์	1.2
80	11	1.3 kg/สัปดาห์	1.3
81	11	1.4 kg/สัปดาห์	1.4
82	11	1.5 kg/สัปดาห์	1.5
\.


--
-- Data for Name: user_answers; Type: TABLE DATA; Schema: public; Owner: postgres
--

COPY public.user_answers (id, user_id, question_id, answer_text, choice_value, answered_at) FROM stdin;
\.


--
-- Data for Name: user_information; Type: TABLE DATA; Schema: public; Owner: postgres
--

COPY public.user_information (id, user_name, email, created_at, provider, provider_id) FROM stdin;
\.


--
-- Data for Name: users; Type: TABLE DATA; Schema: public; Owner: postgres
--

COPY public.users (id, provider, provider_id, birth_date, gender, is_pregnant, weight_kg, height_cm, user_name, email, avatar_url, created_at) FROM stdin;
\.


--
-- Name: food_categories_id_seq; Type: SEQUENCE SET; Schema: public; Owner: postgres
--

SELECT pg_catalog.setval('public.food_categories_id_seq', 10, true);


--
-- Name: foods_items_id_seq; Type: SEQUENCE SET; Schema: public; Owner: postgres
--

SELECT pg_catalog.setval('public.foods_items_id_seq', 380, true);


--
-- Name: question_choices_id_seq; Type: SEQUENCE SET; Schema: public; Owner: postgres
--

SELECT pg_catalog.setval('public.question_choices_id_seq', 82, true);


--
-- Name: questions_id_seq; Type: SEQUENCE SET; Schema: public; Owner: postgres
--

SELECT pg_catalog.setval('public.questions_id_seq', 12, true);


--
-- Name: user_answers_id_seq; Type: SEQUENCE SET; Schema: public; Owner: postgres
--

SELECT pg_catalog.setval('public.user_answers_id_seq', 1, false);


--
-- Name: user_information _id_seq; Type: SEQUENCE SET; Schema: public; Owner: postgres
--

SELECT pg_catalog.setval('public."user_information _id_seq"', 1, false);


--
-- Name: users_id_seq; Type: SEQUENCE SET; Schema: public; Owner: postgres
--

SELECT pg_catalog.setval('public.users_id_seq', 1, false);


--
-- PostgreSQL database dump complete
--

